芯锌褉械写械谢褢薪薪褘泄 邪褉褌懈泻谢褜;the
斜褘褌褜;be
懈;and
薪械芯锌褉械写械谢褢薪薪褘泄 邪褉褌懈泻谢褜;a
芯褌;of
泻;to
胁;in
褟;i
袙褘;you
芯薪芯;it
懈屑械褌褜;have
褔褌芯;that
写谢褟;for
写械谢邪褌褜;do
芯薪;he
褋;with
薪邪;on
褝褌芯褌;this
屑褘;we
薪械褌;not
薪芯;but
芯薪懈;they
褋泻邪蟹邪褌褜;say
薪邪;at
褔褌芯;what
械谐芯;his
芯褌;from
懈写褌懈;go
懈谢懈;or
泻;by
锌芯谢褍褔懈褌褜;get
芯薪邪;she
屑芯泄;my
屑芯褔褜;can
泻邪泻;as
蟹薪邪褌褜;know
械褋谢懈;if
褟;me
袙邪褕;your
胁褋械;all
泻褌芯;who
芯;about
懈褏;their
斜褍写械褌;will
褌邪泻;so
斜褘;would
写械谢邪褌褜;make
锌褉芯褋褌芯;just
胁胁械褉褏;up
写褍屑邪褌褜;think
胁褉械屑褟;time
褌邪屑;there
胁懈写械褌褜;see
械械;her
懈蟹;out
芯写懈薪;one
锌褉懈褏芯写懈褌褜;come
谢褞写懈;people
锌褉懈薪褟褌褜;take
谐芯写;year
薪械泻芯褌芯褉褘械;some
褏芯褌械褌褜;want
泻邪泻;how
泻芯谐写邪;when
泻芯褌芯褉褘泄;which
褋械泄褔邪褋;now
谢褞斜懈褌褜;like
写褉褍谐懈械;other
屑芯褔褜;could
薪邪褕;our
胁;into
蟹写械褋褜;here
蟹邪褌械屑;then
褔械屑;than
褋屑芯褌褉械褌褜;look
锌褍褌褜;way
斜芯谢褜褕械;more
褝褌懈;these
薪械褌;no
胁械褖褜;thing
褏芯褉芯褕芯;well
锌芯褌芯屑褍 褔褌芯;because
褌芯卸械;also
写胁邪;two
懈褋锌芯谢褜蟹芯胁邪褌褜;use
褉邪褋褋泻邪蟹褘胁邪褌褜;tell
褏芯褉芯褕懈泄;good
锌械褉胁褘泄;first
屑褍卸褔懈薪邪;man
写械薪褜;day
薪邪褏芯写懈褌褜;find
写邪褌褜;give
薪芯胁褘泄;new
薪邪褋;us
谢褞斜芯泄;any
褌械;those
芯褔械薪褜;very
薪械芯斜褏芯写懈屑芯褋褌褜;need
薪邪蟹邪写;back
写芯谢卸薪褘;should
写邪卸械;even
褌芯谢褜泻芯;only
屑薪芯谐芯;many
写械泄褋褌胁懈褌械谢褜薪芯;really
褉邪斜芯褌邪;work
卸懈蟹薪褜;life
锌褉懈褔懈薪邪;why
锌褉邪胁芯;right
胁薪懈蟹;down
锌褉芯斜芯胁邪褌褜;try
锌芯蟹胁芯谢褟褌褜;let
褔褌芯-褌芯;something
褌芯卸械;too
胁褘蟹芯胁;call
卸械薪褖懈薪邪;woman
屑芯褔褜;may
胁褋械 械褖械;still
褔械褉械蟹;through
芯蟹薪邪褔邪褌褜;mean
锌芯褋谢械;after
薪懈泻芯谐写邪;never
屑懈褉;world
褔褍胁褋褌胁芯胁邪褌褜;feel
写邪;yeah
芯褌谢懈褔薪褘泄;great
锌芯褋谢械写薪懈泄;last
褉械斜械薪芯泻;child
芯;oh
薪邪写;over
褋锌褉邪褕懈胁邪褌褜;ask
褕泻芯谢邪;school
谐芯褋褍写邪褉褋褌胁芯;state
屑薪芯谐芯;much
谐芯胁芯褉懈褌褜;talk
写械褉卸邪褌褜;keep
锌芯泻懈写邪褌褜;leave
泻谢邪褋褌褜;put
锌芯屑芯褖褜;help
斜芯谢褜褕芯泄;big
谐写械;where
芯写懈薪邪泻芯胁褘泄;same
褋芯斜褋褌胁械薪薪褘泄;own
锌芯泻邪;while
薪邪褔邪谢芯;start
褌褉懈;three
胁褘褋芯泻懈泄;high
泻邪卸写褘泄;every
写褉褍谐芯泄;another
褋褌邪薪芯胁懈褌褜褋褟;become
薪邪懈斜芯谢褜褕懈泄;most
屑械卸写褍;between
褋谢褍褔邪褌褜褋褟;happen
褋械屑褜褟;family
锌褉械蟹懈写械薪褌;president
褋褌邪褉褘泄;old
写邪;yes
写芯屑;house
锌芯泻邪蟹褘胁邪褌褜;show
褋薪芯胁邪;again
褋褌褍写械薪褌;student
泻邪蟹邪褌褜褋褟;seem
胁械褉芯褟褌薪芯;might
褔邪褋褌褜;part
褋谢褘褕邪褌褜;hear
械谐芯;its
屑械褋褌芯;place
锌褉芯斜谢械屑邪;problem
胁械褉懈褌褜;believe
褋褌褉邪薪邪;country
胁褋械谐写邪;always
薪械写械谢褟;week
褌芯褔泻邪;point
褉褍泻邪;hand
锌褉芯褔褜;off
懈谐褉邪褌褜;play
芯褔械褉械写褜;turn
薪械褋泻芯谢褜泻芯;few
谐褉褍锌锌邪;group
锌芯写芯斜薪褘泄;such
锌褉芯褌懈胁;against
斜械卸邪褌褜;run
锌邪褉械薪褜;guy
写械谢芯;case
胁芯锌褉芯褋;question
薪芯褔褜;night
卸懈褌褜;live
懈谐褉邪;game
薪芯屑械褉;number
锌懈褋邪褌褜;write
锌褉懈薪芯褋懈褌褜;bring
斜械蟹;without
写械薪褜谐懈;money
屑薪芯谐芯;lot
泻薪懈谐邪;book
褋懈褋褌械屑邪;system
锌褉邪胁懈褌械谢褜褋褌胁芯;government
褋谢械写褍褞褖懈泄;next
谐芯褉芯写;city
泻芯屑锌邪薪懈褟;company
懈褋褌芯褉懈褟;story
褋械谐芯写薪褟;today
褉邪斜芯褌邪;job
写胁懈谐邪褌褜褋褟;move
写芯谢卸械薪;must
锌谢芯褏芯泄;bad
写褉褍谐;friend
胁 褌械褔械薪懈械;during
薪邪褔邪褌褜;begin
谢褞斜芯胁褜;love
泻邪卸写褘泄;each
写械褉卸邪褌褜;hold
褉邪蟹谢懈褔薪褘泄;different
邪屑械褉懈泻邪薪褋泻懈泄;american
屑邪谢械薪褜泻懈泄;little
写芯;before
胁褋械谐写邪;ever
褋谢芯胁芯;word
褎邪泻褌;fact
褔懈褌邪褌褜;read
褔褌芯 褍谐芯写薪芯;anything
薪懈褔械谐芯;nothing
泻芯薪械褔薪芯;sure
屑邪谢械薪褜泻懈泄;small
屑械褋褟褑;month
锌褉芯谐褉邪屑屑邪;program
胁芯蟹屑芯卸薪芯;maybe
锌芯写;under
斜懈蟹薪械褋;business
写芯屑邪褕薪懈泄;home
写芯斜褉褘泄;kind
芯褋褌邪薪芯胁懈褌褜;stop
锌谢邪褌懈褌褜;pay
懈蟹褍褔邪褌褜;study
褋;since
胁芯锌褉芯褋;issue
懈屑褟;name
懈写械褟;idea
泻芯屑薪邪褌邪;room
锌褉芯褑械薪褌;percent
写邪谢械泻芯;far
锌褉芯褔褜;away
蟹邪泻芯薪;law
薪邪 褋邪屑芯屑 写械谢械;actually
斜芯谢褜褕芯泄;large
褏芯褌褟;though
芯斜械褋锌械褔懈胁邪褌褜;provide
褌械褉褟褌褜;lose
褋懈谢邪;power
褉械斜械薪芯泻;kid
胁芯泄薪邪;war
锌芯薪懈屑邪褌褜;understand
谐芯谢芯胁邪;head
屑邪屑邪;mother
褉械邪谢褜薪褘泄;real
谢褍褔褕懈泄;best
泻芯屑邪薪写邪;team
谐谢邪蟹;eye
写谢懈薪薪褘泄;long
褋褌芯褉芯薪邪;side
胁芯写邪;water
褞薪褘泄;young
卸写邪褌褜;wait
芯泻械泄;okay
芯斜邪;both
锌芯泻邪;yet
胁褋褌褉械褔邪褌褜;meet
芯斜褋谢褍卸懈胁邪薪懈械;service
芯斜谢邪褋褌褜;area
胁邪卸薪褘泄;important
褔械谢芯胁械泻;person
协泄;hey
斜谢邪谐芯写邪褉懈褌褜;thank
泻褌芯-褌芯;someone
泻芯薪械褑;end
屑械薪褟褌褜;change
芯写薪邪泻芯;however
胁芯泻褉褍谐;around
褔邪褋;hour
胁褋械;everything
薪邪褑懈芯薪邪谢褜薪褘泄;national
褔械褌褘褉械;four
谢懈薪懈褟;line
写械胁芯褔泻邪;girl
褔邪褋褘;watch
写芯 褌芯谐芯 屑芯屑械薪褌邪;until
芯褌械褑;father
褋懈写械褌褜;sit
褌胁芯褉懈褌褜;create
懈薪褎芯褉屑邪褑懈褟;information
屑邪褕懈薪邪;car
褍褔懈褌褜;learn
薪邪懈屑械薪褜褕懈泄;least
褍卸械;already
褍斜懈胁邪褌褜;kill
屑懈薪褍褌邪;minute
胁械褔械褉懈薪泻邪;party
胁泻谢褞褔邪褌褜;include
褋褌芯褟褌褜;stand
胁屑械褋褌械;together
褋谢械写芯胁邪褌褜;follow
蟹写芯褉芯胁褜械;health
锌芯屑薪懈褌褜;remember
褔邪褋褌芯;often
锌褉懈褔懈薪邪;reason
谐芯胁芯褉懈褌褜;speak
薪邪蟹邪写;ago
薪邪斜芯褉;set
褔械褉薪褘泄;black
褍褔邪褋褌薪懈泻;member
褋芯芯斜褖械褋褌胁芯;community
芯写薪邪卸写褘;once
芯斜褖械褋褌胁械薪薪褘泄;social
薪芯胁芯褋褌褜;news
锌芯蟹胁芯谢褟褌褜;allow
胁褘懈谐褉邪褌褜;win
褌械谢芯;body
胁械褋褌懈;lead
锌褉芯写芯谢卸懈褌褜;continue
谢懈;whether
写芯褋褌邪褌芯褔薪芯;enough
褌褉邪褌懈褌褜;spend
褍褉芯胁械薪褜;level
褋锌芯褋芯斜薪褘泄;able
锌芯谢懈褌懈褔械褋泻懈泄;political
锌芯褔褌懈;almost
屑邪谢褜褔懈泻;boy
褍薪懈胁械褉褋懈褌械褌;university
芯褋褌邪褌褜褋褟;stay
写芯斜邪胁谢褟褌褜;add
锌芯蟹卸械;later
锌褟褌褜;five
胁芯蟹屑芯卸薪芯;probably
褑械薪褌褉;center
褋褉械写懈;among
谢懈褑芯;face
芯斜褖械褋褌胁械薪薪褘泄;public
褍屑懈褉邪褌褜;die
械写邪;food
械褖械;else
懈褋褌芯褉懈褟;history
锌芯泻褍锌邪褌褜;buy
褉械蟹褍谢褜褌邪褌;result
褍褌褉芯;morning
褉芯写懈褌械谢褜;parent
芯褎懈褋;office
泻褍褉褋;course
锌芯褋褘谢邪褌褜;send
懈褋褋谢械写芯胁邪薪懈械;research
懈写褌懈;walk
写胁械褉褜;door
斜械谢褘泄;white
薪械褋泻芯谢褜泻芯;several
褋褍写;court
褉邪褋褌懈;grow
谢褍褔褕械;better
芯褌泻褉褘胁邪褌褜;open
屑芯屑械薪褌;moment
胁泻谢褞褔邪褟;including
褉邪褋褋屑邪褌褉懈胁邪褌褜;consider
胁薪褍褌褉懈;within
胁褌芯褉芯泄;second
锌芯蟹写薪懈泄;late
褍谢懈褑邪;street
褋胁芯斜芯写薪褘泄;free
泻邪卸写褘泄;everyone
锌芯谢懈褌懈泻邪;policy
褋褌芯谢;table
芯谐芯褉褔械薪薪褘泄;sorry
蟹邪斜芯褌邪;care
薪懈蟹泻懈泄;low
褔械谢芯胁械泻;human
锌芯卸邪谢褍泄褋褌邪;please
薪邪写械褟褌褜褋褟;hope
懈褋褌懈薪薪褘泄;TRUE
锌褉芯褑械褋褋;process
褍褔懈褌械谢褜;teacher
写邪薪薪褘械;data
锌褉械写谢芯卸械薪懈械;offer
褋屑械褉褌褜;death
胁械褋褜;whole
芯锌褘褌;experience
锌谢邪薪;plan
锌褉芯褋褌芯泄;easy
芯斜褉邪蟹芯胁邪薪懈械;education
褋褌褉芯懈褌褜;build
芯卸懈写邪褌褜;expect
锌邪写邪褌褜;fall
褋械斜褟;himself
胁芯蟹褉邪褋褌;age
褌褉褍写薪褘泄;hard
褔褍胁褋褌胁芯;sense
褔械褉械蟹;across
褉邪薪薪懈泄;early
泻芯谢谢械写卸;college
屑褍蟹褘泻邪;music
锌芯褟胁懈褌褜褋褟;appear
褍屑;mind
泻谢邪褋褋;class
锌芯谢懈褑懈褟;police
褝褎褎械泻褌;effect
褋械蟹芯薪;season
薪邪谢芯谐;tax
褋械褉写褑械;heart
褋褘薪;son
懈褋泻褍褋褋褌胁芯;art
胁械褉芯褟褌薪褘泄;possible
芯斜褋谢褍卸懈胁邪褌褜;serve
锌械褉械褉褘胁;break
褏芯褌褟;although
褉褘薪芯泻;market
胁芯蟹写褍褏;air
褋懈谢邪;force
褌褉械斜芯胁邪褌褜;require
薪芯谐邪;foot
褋谢褍褕邪褌褜;listen
褋芯谐谢邪褕邪褌褜褋褟;agree
胁 褋芯芯褌胁械褌褋褌胁懈懈;according
泻褌芯 褍谐芯写薪芯;anyone
屑谢邪写械薪械褑;baby
薪械锌褉邪胁懈谢褜薪褘泄;wrong
褉械蟹邪褌褜;cut
褉械褕邪褌褜;decide
褉械褋锌褍斜谢懈泻邪薪褋泻懈泄;republican
锌芯谢薪褘泄;full
锌芯蟹邪写懈;behind
锌褉芯褏芯写懈褌褜;pass
懈薪褌械褉械褋;interest
懈薪芯谐写邪;sometimes
斜械蟹芯锌邪褋薪芯褋褌褜;security
械褋褌褜;eat
写芯泻谢邪写;report
泻芯薪褌褉芯谢褜;control
褋褌邪胁泻邪;rate
屑械褋褌薪褘泄;local
锌褉械写谢邪谐邪褌褜;suggest
薪邪褑懈褟;nation
锌褉芯写邪胁邪褌褜;sell
写械泄褋褌胁懈械;action
锌芯写写械褉卸泻邪;support
卸械薪邪;wife
褉械褕械薪懈械;decision
锌芯谢褍褔邪褌褜;receive
褑械薪薪芯褋褌褜;value
斜邪蟹邪;base
胁褘斜懈褉邪褌褜;pick
褌械谢械褎芯薪;phone
褋锌邪褋懈斜芯;thanks
褋芯斜褘褌懈械;event
胁芯写懈褌褜;drive
褋懈谢褜薪褘泄;strong
写芯褋褌懈褔褜;reach
芯褋褌邪胁邪褌褜褋褟;remain
芯斜褗褟褋薪褟褌褜;explain
褋邪泄褌;site
褍写邪褉懈褌褜;hit
褌褟薪褍褌褜;pull
褑械褉泻芯胁褜;church
屑芯写械谢褜;model
胁芯蟹屑芯卸薪芯;perhaps
芯褌薪芯褕械薪懈械;relationship
褕械褋褌褜;six
褕褌褉邪褎;fine
泻懈薪芯;movie
锌芯谢械;field
锌芯写薪懈屑邪褌褜;raise
屑械薪褜褕械;less
懈谐褉芯泻;player
锌邪褉邪;couple
屑懈谢谢懈芯薪;million
褋邪屑懈;themselves
蟹邪锌懈褋褜;record
芯褋芯斜械薪薪芯;especially
褉邪蟹薪懈褑邪;difference
褋胁械褌;light
褉邪蟹胁懈褌懈械;development
褎械写械褉邪谢褜薪褘泄;federal
斜褘胁褕懈泄;former
褉芯谢褜;role
褏芯褉芯褕械薪褜泻懈泄;pretty
褋邪屑;myself
胁懈写;view
褑械薪邪;price
褍褋懈谢懈械;effort
屑懈谢褘泄;nice
写芯胁芯谢褜薪芯;quite
胁写芯谢褜;along
谐芯谢芯褋;voice
薪邪泻芯薪械褑;finally
芯褌写械谢;department
谢褞斜芯泄;either
胁 薪邪锌褉邪胁谢械薪懈懈;toward
谢懈写械褉;leader
褎芯褌芯;photo
薪芯褋懈褌褜;wear
锌褉芯褋褌褉邪薪褋褌胁芯;space
锌褉芯械泻褌;project
胁械褉薪褍褌褜;return
锌芯蟹懈褑懈褟;position
芯褋芯斜褘泄;special
褎懈谢褜屑;film
谐谢邪胁薪褘泄;major
褌懈锌;type
谐芯褉芯写;town
褋褌邪褌褜褟;article
写芯褉芯谐邪;road
褎芯褉屑邪;form
褕邪薪褋;chance
屑械写懈泻邪屑械薪褌;drug
褝泻芯薪芯屑懈褔械褋泻懈泄;economic
褋懈褌褍邪褑懈褟;situation
胁褘斜懈褉邪褌褜;choose
锌褉邪泻褌懈泻邪;practice
锌褉懈褔懈薪邪;cause
褋褔邪褋褌谢懈胁褘泄;happy
薪邪褍泻邪;science
锌褉懈褋芯械写懈薪懈褌褜褋褟;join
褍褔懈褌褜;teach
褉邪蟹胁懈胁邪褌褜;develop
写械谢懈褌褜褋褟;share
褋邪屑;yourself
薪械褋褌懈;carry
锌芯薪褟褌薪芯;clear
斜褉邪褌;brother
写械谢芯;matter
屑械褉褌胁褘泄;dead
懈蟹芯斜褉邪卸械薪懈械;image
蟹胁械蟹写邪;star
褋褌芯懈屑芯褋褌褜;cost
锌褉芯褋褌芯;simply
锌芯褋褌;post
芯斜褖械褋褌胁芯;society
懈蟹芯斜褉邪卸械薪懈械;picture
泻褍褋芯泻;piece
斜褍屑邪谐邪;paper
褝薪械褉谐懈褟;energy
谢懈褔薪褘泄;personal
蟹写邪薪懈械;building
胁芯械薪薪褘泄;military
胁褉邪褔;doctor
写械褟褌械谢褜薪芯褋褌褜;activity
懈屑械薪薪芯;exactly
褋褉械写褋褌胁邪 屑邪褋褋芯胁芯泄 懈薪褎芯褉屑邪褑懈懈;media
屑懈褋褋;miss
写芯泻邪蟹邪褌械谢褜褋褌胁邪;evidence
锌褉芯写褍泻褌;product
芯褋芯蟹薪邪胁邪褌褜;realize
褋芯褏褉邪薪懈褌褜;save
褉褍泻邪;arm
褌械褏薪芯谢芯谐懈褟;technology
谢芯胁懈褌褜;catch
泻芯屑屑械薪褌邪褉懈泄;comment
褋褉芯泻;term
褑胁械褌;color
锌芯泻褉褘褌懈械;cover
芯锌懈褋褘胁邪褌褜;describe
写芯谐邪写褘胁邪褌褜褋褟;guess
胁褘斜芯褉;choice
懈褋褌芯褔薪懈泻;source
屑邪屑邪;mom
褋泻芯褉芯;soon
写懈褉械泻褌芯褉;director
屑械卸写褍薪邪褉芯写薪褘泄;international
锌褉邪胁懈谢芯;rule
泻邪屑锌邪薪懈褟;campaign
蟹械屑谢褟;ground
胁褘斜芯褉褘;election
褍褏;uh
锌褉芯胁械褉褟褌褜;check
褋褌褉邪薪懈褑邪;page
斜懈褌胁邪;fight
褋邪屑;itself
褌械褋褌;test
褌械褉锌械谢懈胁褘泄;patient
锌褉芯懈蟹胁芯写懈褌褜;produce
芯锌褉械写械谢械薪薪褘泄;certain
褔褌芯 褍谐芯写薪芯;whatever
锌芯谢芯胁懈薪邪;half
胁懈写械芯;video
斜褉芯褋邪褌褜;throw
褌褉械褌懈泄;third
芯褋褌邪谢褜薪芯械;rest
薪械写邪胁薪懈泄;recent
写芯褋褌褍锌薪褘泄;available
褕邪谐;step
谐芯褌芯胁褘泄;ready
胁芯蟹屑芯卸薪芯褋褌褜;opportunity
芯褎懈褑懈邪谢褜薪褘泄;official
屑邪褋谢芯;oil
芯褉谐邪薪懈蟹邪褑懈褟;organization
褏邪褉邪泻褌械褉;character
芯写懈薪芯褔薪褘泄;single
褌械泻褍褖懈泄;current
胁芯蟹屑芯卸薪褘泄;likely
芯泻褉褍谐;county
斜褍写褍褖械械;future
锌邪锌邪;dad
褔褜褟;whose
褋褌褉械谢褟褌褜;shoot
锌褉芯屑褘褕谢械薪薪芯褋褌褜;industry
褋锌懈褋芯泻;list
谐谢邪胁薪褘泄;general
屑邪褌械褉懈邪谢;stuff
褎懈谐褍褉邪;figure
胁薪懈屑邪薪懈械;attention
蟹邪斜褘胁邪褌褜;forget
褉懈褋泻芯胁邪褌褜;risk
褋芯褋褉械写芯褌芯褔懈褌褜;focus
泻芯褉芯褌泻懈泄;short
芯谐芯薪褜;fire
褋芯斜邪泻邪;dog
泻褉邪褋薪褘泄;red
褕械褉褋褌褜;hair
褋芯褋褌芯褟薪懈械;condition
褋褌械薪邪;wall
写芯褔褜;daughter
褋写械谢泻邪;deal
邪胁褌芯褉;author
锌褉邪胁写邪;truth
薪邪;upon
屑褍卸;husband
锌械褉懈芯写;period
褋械褉懈褟;series
锌褉懈泻邪蟹;order
芯褎懈褑械褉;officer
蟹邪泻褉褘胁邪褌褜;close
蟹械屑谢褟;land
蟹邪锌懈褋泻邪;note
泻芯屑锌褜褞褌械褉;computer
屑褘褋谢褜;thought
褝泻芯薪芯屑懈泻邪;economy
褑械谢褜;goal
斜邪薪泻;bank
锌芯胁械写械薪懈械;behavior
蟹胁褍泻;sound
泻芯薪械褔薪芯;certainly
锌褉懈斜谢懈蟹懈褌械谢褜薪芯;nearly
褍胁械谢懈褔械薪懈械;increase
写械泄褋褌胁懈械;act
褋械胁械褉薪褘泄;north
泻褉芯胁褜;blood
泻褍谢褜褌褍褉邪;culture
屑械写懈褑懈薪褋泻懈泄;medical
袨袣;ok
胁褋械;everybody
胁械褉褏薪懈泄;top
褌褉褍写薪褘泄;difficult
褟蟹褘泻;language
芯泻薪芯;window
芯褌胁械褌;response
薪邪褋械谢械薪懈械;population
谢芯卸褜;lie
写械褉械胁芯;tree
锌邪褉泻;park
褉邪斜芯褌薪懈泻;worker
褉懈褋芯胁邪褌褜;draw
泻邪锌谢褟;drop
褌芯谢泻邪褌褜;push
蟹械屑谢褟;earth
锌芯;per
褔邪褋褌薪褘泄;private
褋械谐芯写薪褟褕薪懈泄 胁械褔械褉;tonight
谐芯薪泻邪;race
锌懈褋褜屑芯;letter
锌褍褕泻邪;gun
锌褉芯褋褌芯泄;simple
褍写懈胁谢褟褌褜褋褟;wonder
胁芯胁谢械泻邪褌褜;involve
邪写;hell
斜械写薪褘泄;poor
芯褌胁械褌;answer
锌褉懈褉芯写邪;nature
邪写屑懈薪懈褋褌褉邪褑懈褟;administration
芯斜褖懈泄;common
褋芯芯斜褖械薪懈械;message
锌械褋薪褟;song
薪邪褋谢邪卸写邪褌褜褋褟;enjoy
褋褏芯卸懈泄;similar
泻芯薪谐褉械褋褋;congress
邪褌邪泻邪;attack
锌褉芯褕谢芯械;past
谐芯褉褟褔懈泄;hot
懈褋泻邪褌褜;seek
褋褍屑屑邪;amount
邪薪邪谢懈蟹;analysis
屑邪谐邪蟹懈薪;store
蟹邪褖懈褌邪;defense
蟹邪泻芯薪芯锌褉芯械泻褌;bill
褟褔械泄泻邪;cell
锌褉械写褋褌邪胁谢械薪懈械;performance
斜芯谢褜薪懈褑邪;hospital
泻褉芯胁邪褌褜;bed
写芯褋泻邪;board
蟹邪褖懈褖邪褌褜;protect
胁械泻;century
谢械褌芯;summer
屑邪褌械褉懈邪谢;material
懈薪写懈胁懈写褍邪谢褜薪褘泄;individual
薪械写邪胁薪芯;recently
锌褉懈屑械褉;example
锌褉械写褋褌邪胁谢褟褌褜;represent
蟹邪锌芯谢薪褟褌褜;fill
卸懈胁芯褌薪芯械;animal
锌芯褌械褉锌械褌褜 薪械褍写邪褔褍;fail
褎邪泻褌芯褉;factor
械褋褌械褋褌胁械薪薪褘泄;natural
褋褝褉;sir
邪谐械薪褌褋褌胁芯;agency
芯斜褘褔薪芯;usually
褋褍褖械褋褌胁械薪薪褘泄;significant
褋锌芯褋芯斜薪芯褋褌褜;ability
屑懈谢褟;mile
蟹邪褟胁谢械薪懈械;statement
胁械褋褜;entire
写械屑芯泻褉邪褌;democrat
褝褌邪卸;floor
褋械褉褜械蟹薪褘泄;serious
泻邪褉褜械褉邪;career
写芯谢谢邪褉;dollar
谐芯谢芯褋;vote
锌芯谢;sex
褋褉邪胁薪懈胁邪褌褜;compare
褞谐;south
胁锌械褉械写;forward
锌褉械写屑械褌;subject
褎懈薪邪薪褋芯胁褘泄;financial
懈写械薪褌懈褎懈褑懈褉芯胁邪褌褜;identify
泻褉邪褋懈胁褘泄;beautiful
写械褋褟褌懈谢械褌懈械;decade
薪械屑薪芯谐芯;bit
褍屑械薪褜褕懈褌褜;reduce
褋械褋褌褉邪;sister
泻邪褔械褋褌胁芯;quality
斜褘褋褌褉芯;quickly
薪邪卸懈屑邪褌褜;press
斜械褋锌芯泻芯懈褌褜褋褟;worry
锌褉懈薪懈屑邪褌褜;accept
胁褏芯写懈褌褜;enter
褍锌芯屑懈薪邪褌褜;mention
褌邪泻懈屑 芯斜褉邪蟹芯屑;thus
褉邪褋褌械薪懈械;plant
写胁懈卸械薪懈械;movement
褋褑械薪邪;scene
褉邪蟹写械谢;section
谢械褔械薪懈械;treatment
卸械谢邪薪懈械;wish
胁褘谐芯写邪;benefit
懈薪褌械褉械褋薪褘泄;interesting
蟹邪锌邪写;west
泻邪薪写懈写邪褌;candidate
锌芯写褏芯写;approach
芯锌褉械写械谢褟褌褜;determine
褉械褋褍褉褋;resource
锌褉械褌械薪蟹懈褟;claim
写芯泻邪蟹褘胁邪褌褜;prove
褋芯褉褌懈褉芯胁邪褌褜;sort
褉邪蟹屑械褉;size
泻褌芯-褌芯;somebody
蟹薪邪薪懈械;knowledge
褋泻芯褉械械;rather
胁械褕邪褌褜;hang
褋锌芯褉褌;sport
孝袙;tv
锌芯褌械褉褟;loss
褋锌芯褉懈褌褜;argue
谢械胁褘泄;left
胁褋褌褉械褔邪;meeting
薪邪胁褘泻;skill
泻邪褉褌邪;card
褔褍胁褋褌胁芯;feeling
薪械褋屑芯褌褉褟 薪邪;despite
褋褌械锌械薪褜;degree
锌褉械褋褌褍锌谢械薪懈械;crime
蟹薪邪泻;sign
锌褉芯懈褋褏芯写懈褌褜;occur
胁芯芯斜褉邪卸邪褌褜;imagine
褉褟写芯屑;near
泻芯褉芯谢褜;king
泻芯褉芯斜泻邪;box
锌芯写邪褉芯泻;present
褋械屑褜;seven
懈薪芯褋褌褉邪薪薪褘泄;foreign
褋屑械褟褌褜褋褟;laugh
斜芯谢械蟹薪褜;disease
谢械写懈;lady
蟹邪;beyond
芯斜褋褍卸写邪褌褜;discuss
蟹邪泻邪薪褔懈胁邪褌褜;finish
写懈蟹邪泄薪;design
斜械褋锌芯泻芯泄褋褌胁芯;concern
屑褟褔;ball
袙芯褋褌芯泻;east
褉邪褋锌芯蟹薪邪胁邪褌褜;recognize
锌褉懈屑械薪褟褌褜;apply
锌芯写谐芯褌芯胁懈褌褜;prepare
褋械褌褜;network
芯谐褉芯屑薪褘泄;huge
褍褋锌械褏;success
褉邪泄芯薪;district
褔邪褕泻邪;cup
褎懈蟹懈褔械褋泻懈泄;physical
褉芯褋褌;growth
锌芯写褗械屑;rise
锌褉懈胁械褌;hi
褋褌邪薪写邪褉褌;standard
胁械薪褌懈谢褟褌芯褉;fan
褌械芯褉懈褟;theory
锌械褉褋芯薪邪谢;staff
褉邪薪懈褌褜;hurt
蟹邪泻芯薪薪褘泄;legal
褋械薪褌褟斜褉褜;september
褋薪邪褉褍卸懈;outside
懈;et
褋褌褉邪褌械谐懈褟;strategy
褟褋薪芯;clearly
褋芯斜褋褌胁械薪薪芯褋褌褜;property
泻谢邪褋褌褜;lay
芯泻芯薪褔邪褌械谢褜薪褘泄;final
邪胁褌芯褉懈褌械褌;authority
懈写械邪谢褜薪褘泄;perfect
屑械褌芯写;method
褉械谐懈芯薪;region
胁谢懈褟薪懈械;impact
褍泻邪蟹褘胁邪褌褜;indicate
斜械蟹芯锌邪褋薪褘泄;safe
泻芯屑懈褌械褌;committee
锌褉械写锌芯谢邪谐邪械屑褘泄;supposed
屑械褔褌邪;dream
芯斜褍褔械薪懈械;training
写褉褟薪褜;shit
褑械薪褌褉邪谢褜薪褘泄;central
胁邪褉懈邪薪褌;option
胁芯褋械屑褜;eight
胁 褔邪褋褌薪芯褋褌懈;particularly
锌芯谢薪芯褋褌褜褞;completely
屑薪械薪懈械;opinion
谐谢邪胁薪褘泄;main
写械褋褟褌褜;ten
懈薪褌械褉胁褜褞;interview
褋褍褖械褋褌胁芯胁邪褌褜;exist
褍写邪谢懈褌褜;remove
褌械屑薪褘泄;dark
芯斜褗械写懈薪械薪懈械;union
锌褉芯褎械褋褋芯褉;professor
写邪胁谢械薪懈械;pressure
褑械谢褜;purpose
褝褌邪锌;stage
褋懈薪懈泄;blue
褋邪屑邪;herself
褋芯谢薪褑械;sun
斜芯谢褜;pain
褏褍写芯卸薪懈泻;artist
褉邪斜芯褌薪懈泻;employee
懈蟹斜械谐邪褌褜;avoid
褋褔械褌;account
芯褋胁芯斜芯卸写邪褌褜;release
褎芯薪写;fund
芯泻褉褍卸邪褞褖邪褟 褋褉械写邪;environment
谢械褔懈褌褜;treat
褋锌械褑懈褎懈褔械褋泻懈泄;specific
胁械褉褋懈褟;version
胁褘褋褌褉械谢;shot
薪械薪邪胁懈写械褌褜;hate
褉械邪谢褜薪芯褋褌褜;reality
锌芯褋械褌懈褌褜;visit
泻谢褍斜;club
褋锌褉邪胁械写谢懈胁芯褋褌褜;justice
褉械褔薪芯泄;river
屑芯蟹谐;brain
锌邪屑褟褌褜;memory
褉芯泻;rock
泻邪屑械褉邪;camera
谐谢芯斜邪谢褜薪褘泄;global
褉邪蟹谢懈褔薪褘泄;various
锌褉懈斜褘胁邪褌褜;arrive
褍胁械写芯屑谢械薪懈械;notice
写械褌邪谢褜;detail
胁褘蟹芯胁;challenge
邪褉谐褍屑械薪褌;argument
薪懈泻褌芯;nobody
芯褉褍卸懈械;weapon
褋褌邪薪褑懈褟;station
芯褋褌褉芯胁;island
邪斜褋芯谢褞褌薪芯;absolutely
胁屑械褋褌芯;instead
芯斜褋褍卸写械薪懈械;discussion
胁谢懈褟褌褜;affect
胁 谢褞斜芯屑 褋谢褍褔邪械;anyway
芯褌泻谢懈泻薪褍褌褜褋褟;respond
斜械写邪;trouble
褉邪蟹谐芯胁芯褉;conversation
褍锌褉邪胁谢褟褌褜;manage
写邪褌邪;date
邪褉屑懈褟;army
蟹邪褉褟卸邪褌褜;charge
褋懈写械薪褜械;seat
锌褉械写锌芯谢邪谐邪褌褜;assume
锌懈褋邪褌械谢褜;writer
胁褘锌芯谢薪褟褌褜;perform
泻褉械写懈褌;credit
蟹械谢械薪褘泄;green
斜褉邪泻;marriage
芯锌械褉邪褑懈褟;operation
写械泄褋褌胁懈褌械谢褜薪芯;indeed
褋芯薪;sleep
薪械芯斜褏芯写懈屑褘泄;necessary
褉邪褋泻褉褘褌褜;reveal
邪谐械薪褌;agent
写芯褋褌褍锌;access
斜邪褉;bar
写懈褋泻褍褋褋懈褟;debate
薪芯谐邪;leg
褋芯写械褉卸邪褌褜;contain
斜懈褌褜;beat
泻褉褍褌芯泄;cool
写械屑芯泻褉邪褌懈褔械褋泻懈泄;democratic
锌褉芯褋褌褍写邪;cold
褋褌械泻谢芯;glass
褍谢褍褔褕邪褌褜;improve
褋芯胁械褉褕械薪薪芯谢械褌薪懈泄;adult
褌芯褉谐芯胁谢褟;trade
褉械谢懈谐懈芯蟹薪褘泄;religious
芯斜蟹芯褉;review
邪写褉械褋;address
邪褋褋芯褑懈邪褑懈褟;association
屑械褉邪;measure
褋泻谢邪写;stock
谐邪蟹;gas
谐谢褍斜芯泻懈泄;deep
褞褉懈褋褌;lawyer
锌褉芯懈蟹胁芯写褋褌胁芯;production
芯褌薪芯褋懈褌褜褋褟;relate
褋褉械写薪懈泄;middle
褍锌褉邪胁谢械薪懈械;management
芯褉懈谐懈薪邪谢;original
卸械褉褌胁邪;victim
褉邪泻;cancer
褉械褔褜;speech
芯锌褉械写械谢械薪薪褘泄;particular
锌褉芯斜薪褘泄;trial
薪懈泻褌芯;none
锌褍薪泻褌;item
胁械褋;weight
蟹邪胁褌褉邪;tomorrow
锌芯谢芯卸懈褌械谢褜薪褘泄;positive
谐褉邪卸写邪薪懈薪;citizen
锌芯械蟹写泻邪;trip
褍褋褌邪薪芯胁懈褌褜;establish
懈褋锌芯谢薪懈褌械谢褜薪褘泄;executive
锌芯谢懈褌懈泻邪;politics
锌褉懈写械褉卸懈胁邪褌褜褋褟;stick
锌芯泻褍锌邪褌械谢褜;customer
屑械薪械写卸械褉;manager
锌褍斜谢懈泻芯胁邪褌褜;publish
锌芯锌褍谢褟褉薪褘泄;popular
锌械褌褜;sing
胁锌械褉械写懈;ahead
泻芯薪褎械褉械薪褑懈褟;conference
胁械褋褜;total
芯斜薪邪褉褍卸懈胁邪褌褜;discover
斜褘褋褌褉褘泄;fast
薪邪锌褉邪胁谢械薪懈械;direction
胁芯褋泻褉械褋械薪褜械;sunday
锌芯写写械褉卸懈胁邪褌褜;maintain
斜芯谢褜褕懈薪褋褌胁芯;majority
屑懈褉;peace
芯斜械写;dinner
锌邪褉褌薪械褉;partner
锌芯谢褜蟹芯胁邪褌械谢褜;user
胁褘褕械;above
谢械褌邪褌褜;fly
褋褍屑泻邪;bag
褋谢械写芯胁邪褌械谢褜薪芯;therefore
斜芯谐邪褌褘泄;rich
卸械褋褌泻懈泄;tough
胁谢邪写械谢械褑;owner
写芯谢卸薪褘;shall
胁薪褍褌褉懈;inside
懈蟹斜懈褉邪褌械谢褜;voter
懈薪褋褌褉褍屑械薪褌;tool
懈褞薪褜;june
谐芯褉邪;mountain
写懈邪锌邪蟹芯薪;range
褌褉械薪械褉;coach
褋褌褉邪褏;fear
锌褟褌薪懈褑邪;friday
邪写胁芯泻邪褌;attorney
械褋谢懈 薪械;unless
薪懈;nor
褝泻褋锌械褉褌;expert
褋褌褉褍泻褌褍褉邪;structure
斜褞写卸械褌;budget
褋褌褉邪褏芯胁邪薪懈械;insurance
褌械泻褋褌;text
褋胁芯斜芯写邪;freedom
褋褍屑邪褋褕械写褕懈泄;crazy
褔懈褌邪褌械谢褜;reader
褋褌懈谢褜;style
屑邪褉褌;march
屑邪褕懈薪邪;machine
薪芯褟斜褉褜;november